{
  "colorscale": [
    [
      0,
      "#e5dee5"
    ],
    [
      1,
      "#e5dee5"
    ]
  ],
  "flatshading": false,
  "alphahull": 5,
  "opacity": 0.5,
  "i": [
    55,
    52,
    48,
    28,
    104,
    26,
    107,
    104,
    48,
    105,
    108,
    57,
    10,
    1,
    35,
    13,
    106,
    0,
    38,
    0,
    31,
    112,
    109,
    30,
    34,
    31,
    108,
    62,
    1,
    4,
    50,
    49,
    62,
    57,
    109,
    60,
    50,
    29,
    104,
    12,
    62,
    113,
    20,
    44,
    47,
    24,
    52,
    54,
    14,
    16,
    52,
    44,
    16,
    20,
    42,
    18,
    22,
    46,
    25,
    16,
    52,
    41,
    9,
    12,
    26,
    29,
    55,
    46,
    18,
    15,
    14,
    17,
    82,
    103,
    66,
    87,
    90,
    89,
    78,
    99,
    70,
    91,
    80,
    83,
    72,
    75,
    94,
    93,
    84,
    65,
    74,
    95,
    92,
    73,
    76,
    79,
    98,
    97,
    64,
    67,
    96,
    77,
    86,
    85,
    102,
    101,
    88,
    69,
    68,
    71,
    100,
    81,
    10,
    34,
    4,
    49,
    29,
    105,
    27,
    111,
    58,
    11,
    32,
    6,
    3,
    39,
    3,
    32,
    115,
    110,
    33,
    36,
    39,
    111,
    63,
    2,
    7,
    63,
    58,
    110,
    61,
    105,
    13,
    63,
    114,
    21,
    45,
    53,
    55,
    15,
    17,
    53,
    45,
    17,
    21,
    43,
    19,
    23,
    47,
    11,
    7,
    37,
    8,
    27,
    40,
    19
  ],
  "intensity": [
    -0.800000011920929,
    -0.7506713271141052,
    0.7506713271141052,
    0.800000011920929,
    -0.800000011920929,
    -0.7506713271141052,
    0.7506713271141052,
    0.800000011920929,
    -0.7938533425331116,
    0.7938533425331116,
    -0.7506712675094604,
    0.7506712675094604,
    -0.7938533425331116,
    0.7938533425331116,
    -0.7367430329322815,
    0.7367430329322815,
    -0.7367430329322815,
    0.7367430329322815,
    -0.7367430329322815,
    0.7367430329322815,
    -0.7506713271141052,
    0.7506713271141052,
    -0.7506713271141052,
    0.7506713271141052,
    -0.7367430329322815,
    0.7367430329322815,
    -0.7506712675094604,
    0.7506712675094604,
    -0.7506712675094604,
    0.7506712675094604,
    -0.800000011920929,
    -0.7506712675094604,
    0.7506712675094604,
    0.800000011920929,
    -0.7938533425331116,
    -0.7506712675094604,
    0.7506712675094604,
    0.7938533425331116,
    -0.800000011920929,
    0.800000011920929,
    -0.7367430329322815,
    0.7367430329322815,
    -0.7506713271141052,
    0.7506713271141052,
    -0.7506713271141052,
    0.7506713271141052,
    -0.7367430329322815,
    0.7367430329322815,
    -0.7506712675094604,
    0.7506712675094604,
    -0.7506712675094604,
    0.7506712675094604,
    -0.7367430329322815,
    0.7367430329322815,
    -0.7367430329322815,
    0.7367430329322815,
    -0.800000011920929,
    -0.7506712675094604,
    0.7506712675094604,
    0.800000011920929,
    -0.7506712675094604,
    0.7506712675094604,
    -0.800000011920929,
    0.800000011920929,
    -0.7506713271141052,
    0.7506713271141052,
    -0.7506713271141052,
    0.7506713271141052,
    -0.7506713271141052,
    0.7506713271141052,
    -0.7506713271141052,
    0.7506713271141052,
    -0.7506713271141052,
    0.7506713271141052,
    -0.7506713271141052,
    0.7506713271141052,
    -0.7506713271141052,
    0.7506713271141052,
    -0.7506713271141052,
    0.7506713271141052,
    -0.7506712675094604,
    0.7506712675094604,
    -0.7506712675094604,
    0.7506712675094604,
    -0.7506713271141052,
    0.7506713271141052,
    -0.7506713271141052,
    0.7506713271141052,
    -0.7506713271141052,
    0.7506713271141052,
    -0.7506713271141052,
    0.7506713271141052,
    -0.7506713271141052,
    0.7506713271141052,
    -0.7506713271141052,
    0.7506713271141052,
    -0.7506713271141052,
    0.7506713271141052,
    -0.7506713271141052,
    0.7506713271141052,
    -0.7506712675094604,
    0.7506712675094604,
    -0.7506712675094604,
    0.7506712675094604,
    -0.7938533425331116,
    0.7938533425331116,
    -0.7938534021377563,
    0.7938534021377563,
    -0.800000011920929,
    -0.7506713271141052,
    0.7506713271141052,
    0.800000011920929,
    -0.800000011920929,
    -0.7506713271141052,
    0.7506713271141052,
    0.800000011920929
  ],
  "j": [
    53,
    54,
    50,
    26,
    48,
    8,
    105,
    106,
    104,
    49,
    109,
    56,
    5,
    31,
    10,
    107,
    12,
    4,
    30,
    30,
    1,
    113,
    108,
    38,
    35,
    30,
    56,
    112,
    5,
    0,
    48,
    51,
    56,
    60,
    113,
    57,
    51,
    28,
    8,
    106,
    60,
    112,
    22,
    42,
    46,
    25,
    40,
    44,
    20,
    24,
    42,
    54,
    22,
    14,
    40,
    20,
    24,
    44,
    24,
    17,
    53,
    40,
    13,
    8,
    28,
    27,
    54,
    47,
    19,
    14,
    15,
    16,
    83,
    102,
    67,
    86,
    91,
    88,
    79,
    98,
    71,
    90,
    81,
    82,
    73,
    74,
    95,
    92,
    85,
    64,
    75,
    94,
    93,
    72,
    77,
    78,
    99,
    96,
    65,
    66,
    97,
    76,
    87,
    84,
    103,
    100,
    89,
    68,
    69,
    70,
    101,
    80,
    35,
    38,
    5,
    27,
    51,
    9,
    49,
    59,
    110,
    36,
    2,
    11,
    33,
    7,
    2,
    33,
    111,
    114,
    32,
    37,
    33,
    115,
    59,
    3,
    6,
    61,
    59,
    58,
    114,
    107,
    9,
    115,
    61,
    43,
    23,
    43,
    47,
    19,
    23,
    55,
    43,
    15,
    23,
    21,
    41,
    45,
    25,
    6,
    39,
    36,
    26,
    9,
    41,
    18
  ],
  "k": [
    52,
    55,
    28,
    48,
    26,
    104,
    104,
    107,
    105,
    48,
    57,
    108,
    1,
    35,
    5,
    106,
    13,
    38,
    0,
    31,
    0,
    109,
    112,
    34,
    31,
    38,
    62,
    108,
    4,
    1,
    49,
    50,
    57,
    62,
    60,
    109,
    29,
    50,
    12,
    104,
    113,
    62,
    44,
    20,
    24,
    47,
    42,
    46,
    18,
    22,
    44,
    52,
    20,
    16,
    18,
    42,
    46,
    22,
    16,
    25,
    41,
    52,
    12,
    9,
    29,
    26,
    46,
    55,
    15,
    18,
    17,
    14,
    103,
    82,
    87,
    66,
    89,
    90,
    99,
    78,
    91,
    70,
    83,
    80,
    75,
    72,
    93,
    94,
    65,
    84,
    95,
    74,
    73,
    92,
    79,
    76,
    97,
    98,
    67,
    64,
    77,
    96,
    85,
    86,
    101,
    102,
    69,
    88,
    71,
    68,
    81,
    100,
    34,
    4,
    10,
    29,
    49,
    27,
    105,
    58,
    111,
    32,
    6,
    36,
    39,
    3,
    32,
    3,
    110,
    115,
    36,
    39,
    32,
    63,
    111,
    7,
    2,
    58,
    63,
    61,
    110,
    13,
    105,
    114,
    63,
    45,
    21,
    41,
    45,
    21,
    25,
    45,
    53,
    21,
    17,
    19,
    43,
    47,
    23,
    7,
    37,
    11,
    27,
    8,
    19,
    40
  ],
  "name": "bed",
  "showscale": false,